{
  "version": 1,
  "author": "Anonymous maker",
  "editor": "wokwi",
  "parts": [
    { "type": "board-esp32-devkit-c-v4", "id": "esp", "top": 0, "left": 0, "attrs": {} },
    {
      "type": "wokwi-photoresistor-sensor",
      "id": "ldr1",
      "top": 243.2,
      "left": -162.4,
      "attrs": {}
    }
  ],
  "connections": [
    [ "esp:TX", "$serialMonitor:RX", "", [] ],
    [ "esp:RX", "$serialMonitor:TX", "", [] ],
    [ "ldr1:VCC", "esp:3V3", "red", [ "h0", "v-28.8", "h-38.4", "v-201.6" ] ],
    [ "ldr1:GND", "esp:GND.1", "black", [ "h9.6", "v-48.4", "h-38.4", "v-67.2" ] ],
    [ "esp:0", "ldr1:AO", "green", [ "h14.44", "v134.4" ] ]
  ],
  "dependencies": {}
}