{
    "version": 1,
    "author": "Leonhard Tilly",
    "editor": "wokwi",
    "parts": [
      {
        "type": "board-esp32-s2-devkitm-1",
        "id": "esp",
        "top": -33.11,
        "left": -264.23,
        "attrs": {}
      },
      { "type": "board-ds18b20", "id": "temp1", "top": -58.73, "left": -149.52, "attrs": {} }
    ],
    "connections": [
      [ "temp1:GND", "esp:GND.2", "black", [ "v28.8", "h-28.8", "v-86.4" ] ],
      [ "temp1:DQ", "esp:36", "green", [ "v0" ] ],
      [ "temp1:VCC", "esp:3V3", "red", [ "h19.2", "v-57.6", "h-153.6" ] ]
    ],
    "dependencies": {}
  }